{
  "project_info": {
    "project_number": "430288155807",
    "project_id": "yoga-course-5ecc6",
    "storage_bucket": "yoga-course-5ecc6.firebasestorage.app"
  },
  "client": [
    {
      "client_info": {
        "mobilesdk_app_id": "1:430288155807:android:28f750738c716fe5c49eaa",
        "android_client_info": {
          "package_name": "com.example.yoga"
        }
      },
      "oauth_client": [],
      "api_key": [
        {
          "current_key": "AIzaSyAwWFDNa0dSPe7J9VXzh92Mp0vYlsUai8U"
        }
      ],
      "services": {
        "appinvite_service": {
          "other_platform_oauth_client": []
        }
      }
    }
  ],
  "configuration_version": "1"
}